,Game,cover,cover.pred,cover.conf,CResult,Date,Round
1,toledo-ballst,ballst,toledo,0.695278,0,1/3/2020,0.7
2,kentst-bowlinggreen,kentst,kentst,0.538758,1,1/3/2020,0.54
3,manhattan-canisius,manhattan,canisius,0.755625,0,1/3/2020,0.76
4,northernkentucky-detroit,detroit,detroit,0.569235,1,1/3/2020,0.57
5,delaware-drexel,drexel,delaware,0.653076,0,1/3/2020,0.65
6,ucf-houston,houston,houston,0.685085,1,1/3/2020,0.69
7,stpeters-iona,stpeters,iona,0.622799,0,1/3/2020,0.62
8,quinnipiac-marist,marist,quinnipiac,0.735611,0,1/3/2020,0.74
9,rutgers-nebraska,rutgers,nebraska,0.72159,0,1/3/2020,0.72
10,fairfiield-niagara,niagara,niagara,0.812672,1,1/3/2020,0.81
11,wrightst-oakland,wrightst,oakland,0.510073,0,1/3/2020,0.51
12,wisconsin-ohiost,wisconsin,ohiost,0.537636,0,1/3/2020,0.54
13,georgetown-setonhall,setonhall,setonhall,0.601584,1,1/3/2020,0.6
14,monmouth-siena,monmouth,siena,0.688616,0,1/3/2020,0.69
15,temple-tulsa,tulsa,tulsa,0.84714,1,1/3/2020,0.85
16,iupui-uwmilwaukee,iupui,uwmilwaukee,0.68536,0,1/3/2020,0.69
17,georgiasouthern-appalachianst,appalachianst,georgiasouthern,0.653507,0,1/4/2020,0.65
18,arizonast-arizona,arizona,arizona,0.811629,1,1/4/2020,0.81
19,texasam-arkansas,texasam,texasam,0.629078,1,1/4/2020,0.63
20,texasarlington-arkansaslittlerock,arkansaslittlerock,texasarlington,0.56894,0,1/4/2020,0.57
21,texasst-arkansasst,arkansasst,arkansasst,0.833518,1,1/4/2020,0.83
22,tennesseemartin-austinpeay,austinpeay,tennesseemartin,0.6058,0,1/4/2020,0.61
23,texas-baylor,baylor,baylor,0.645578,1,1/4/2020,0.65
24,easternillinois-belmont,belmont,easternillinois,0.679057,0,1/4/2020,0.68
25,northernillinois-buffalo,northernillinois,buffalo,0.713391,0,1/4/2020,0.71
26,creighton-butler,butler,creighton,0.661228,0,1/4/2020,0.66
27,loyolamarymount-byu,byu,loyolamarymount,0.620356,0,1/4/2020,0.62
28,nmsu-calbaptist,nmsu,calbaptist,0.839178,0,1/4/2020,0.84
29,miamioh-centralmichigan,centralmichigan,centralmichigan,0.799306,1,1/4/2020,0.8
30,mtsu-charlotte,mtsu,charlotte,0.735292,0,1/4/2020,0.74
31,seattle-chicagost,seattle,chicagost,0.713127,0,1/4/2020,0.71
32,ncst-clemson,clemson,ncst,0.722289,0,1/4/2020,0.72
33,youngstownst-clevelandst,clevelandst,youngstownst,0.637014,0,1/4/2020,0.64
34,georgiast-coastalcarolina,coastalcarolina,coastalcarolina,0.744462,1,1/4/2020,0.74
35,jamesmadison-charleston,charleston,jamesmadison,0.52333,0,1/4/2020,0.52
36,wyoming-coloradost,wyoming,coloradost,0.536387,0,1/4/2020,0.54
37,providence-depaul,providence,depaul,0.706157,0,1/4/2020,0.71
38,indianast-drake,drake,drake,0.501231,1,1/4/2020,0.5
39,jacksonvillest-easternkentucky,jacksonvillest,jacksonvillest,0.566453,1,1/4/2020,0.57
40,akron-easternmichigan,akron,akron,0.770131,1,1/4/2020,0.77
41,portlandst-easternwashington,portlandst,easternwashington,0.600237,0,1/4/2020,0.6
42,valparaiso-evansville,valparaiso,evansville,0.891274,0,1/4/2020,0.89
43,alabama-florida,alabama,alabama,0.504016,1,1/4/2020,0.5
44,utep-floridaatlantic,floridaatlantic,floridaatlantic,0.742103,1,1/4/2020,0.74
45,utsa-floridainternational,floridainternational,floridainternational,0.616241,1,1/4/2020,0.62
46,sanjosest-fresnost,fresnost,fresnost,0.794749,1,1/4/2020,0.79
47,etsu-furman,furman,furman,0.81007,1,1/4/2020,0.81
48,pepperdine-gonzaga,pepperdine,gonzaga,0.607673,0,1/4/2020,0.61
49,ucirvine-harvard,ucirvine,harvard,0.751337,0,1/4/2020,0.75
50,elon-hofstra,hofstra,elon,0.550105,0,1/4/2020,0.55
51,westvirginia-kansas,westvirginia,kansas,0.601837,0,1/4/2020,0.6
52,missouri-kentucky,kentucky,kentucky,0.754718,1,1/4/2020,0.75
53,troy-louisianalafayette,louisianalafayette,louisianalafayette,0.773246,1,1/4/2020,0.77
54,southalabama-louisianamonroe,louisianamonroe,southalabama,0.726012,0,1/4/2020,0.73
55,somiss-louisianatech,louisianatech,louisianatech,0.844462,1,1/4/2020,0.84
56,floridast-louisville,floridast,louisville,0.674373,0,1/4/2020,0.67
57,missourist-loyolachicago,missourist,loyolachicago,0.637322,0,1/4/2020,0.64
58,villanova-marquette,marquette,villanova,0.673465,0,1/4/2020,0.67
59,northtexas-marshall,northtexas,northtexas,0.503439,1,1/4/2020,0.5
60,indiana-maryland,maryland,indiana,0.702911,0,1/4/2020,0.7
61,georgia-memphis,georgia,georgia,0.59245,1,1/4/2020,0.59
62,chattanooga-mercer,chattanooga,chattanooga,0.639284,1,1/4/2020,0.64
63,duke-miamifl,duke,miamifl,0.831719,0,1/4/2020,0.83
64,auburn-mississippist,auburn,mississippist,0.514041,0,1/4/2020,0.51
65,tennesseetech-moreheadst,moreheadst,moreheadst,0.801415,1,1/4/2020,0.8
66,sems-murrayst,murrayst,murrayst,0.680098,1,1/4/2020,0.68
67,oralroberts-nebraskaomaha,nebraskaomaha,oralroberts,0.581053,0,1/4/2020,0.58
68,boisest-nevada,nevada,nevada,0.598712,1,1/4/2020,0.6
69,georgiatech-unc,georgiatech,unc,0.708455,0,1/4/2020,0.71
70,weberst-northernarizona,northernarizona,northernarizona,0.736402,1,1/4/2020,0.74
71,montana-northerncolorado,northerncolorado,northerncolorado,0.832091,1,1/4/2020,0.83
72,bradley-northerniowa,bradley,northerniowa,0.813017,0,1/4/2020,0.81
73,kansasst-oklahoma,kansasst,oklahoma,0.751186,0,1/4/2020,0.75
74,uab-olddominion,olddominion,uab,0.603026,0,1/4/2020,0.6
75,stmarys-pacific,pacific,pacific,0.680818,1,1/4/2020,0.68
76,iowa-pennst,pennst,pennst,0.762195,1,1/4/2020,0.76
77,princeton-pennsylvania,princeton,princeton,0.514331,1,1/4/2020,0.51
78,wakeforest-pittsburgh,wakeforest,wakeforest,0.692444,1,1/4/2020,0.69
79,sanfrancisco-portland,portland,sanfrancisco,0.542911,0,1/4/2020,0.54
80,idahost-sacramentost,sacramentost,idahost,0.615264,0,1/4/2020,0.62
81,sandiego-santaclara,santaclara,santaclara,0.952798,1,1/4/2020,0.95
82,westernillinois-southdakotast,southdakotast,southdakotast,0.569353,1,1/4/2020,0.57
83,connecticut-southflorida,southflorida,southflorida,0.574912,1,1/4/2020,0.57
84,illinoisst-southernillinois,southernillinois,southernillinois,0.56625,1,1/4/2020,0.57
85,montanast-southernutah,montanast,montanast,0.693535,1,1/4/2020,0.69
86,notredame-syracuse,notredame,syracuse,0.612196,0,1/4/2020,0.61
87,iowast-tcu,iowast,tcu,0.500495,0,1/4/2020,0.5
88,lsu-tennessee,lsu,tennessee,0.769057,0,1/4/2020,0.77
89,siuedwardsville-tennesseest,siuedwardsville,tennesseest,0.516291,0,1/4/2020,0.52
90,oklahomast-texastech,texastech,texastech,0.704166,1,1/4/2020,0.7
91,westerncarolina-citadel,citadel,citadel,0.59589,1,1/4/2020,0.6
92,cincinnati-tulane,tulane,tulane,0.845215,1,1/4/2020,0.85
93,utahvalleyst-umkc,umkc,utahvalleyst,0.537334,0,1/4/2020,0.54
94,airforce-unlv,unlv,airforce,0.890295,0,1/4/2020,0.89
95,oregon-utah,oregon,utah,0.872131,0,1/4/2020,0.87
96,someth-vanderbilt,someth,vanderbilt,0.673507,0,1/4/2020,0.67
97,virginiatech-virginia,virginia,virginiatech,0.936467,0,1/4/2020,0.94
98,samford-vmi,samford,vmi,0.790836,0,1/4/2020,0.79
99,ucla-washingtonst,washingtonst,ucla,0.61156,0,1/4/2020,0.61
100,rice-westernkentucky,rice,westernkentucky,0.602617,0,1/4/2020,0.6
101,ohio-westernmichigan,westernmichigan,westernmichigan,0.747901,1,1/4/2020,0.75
102,mississippi-wichitast,wichitast,wichitast,0.640862,1,1/4/2020,0.64
103,ncgreensboro-wofford,wofford,wofford,0.860965,1,1/4/2020,0.86
104,fairfiield-canisius,fairfiield,canisius,0.664324,0,1/5/2020,0.66
105,oregonst-colorado,oregonst,oregonst,0.850115,1,1/5/2020,0.85
106,wrightst-detroit,detroit,wrightst,0.580012,0,1/5/2020,0.58
107,davidson-duquesne,duquesne,duquesne,0.534795,1,1/5/2020,0.53
108,lasalle-fordham,lasalle,lasalle,0.544444,1,1/5/2020,0.54
109,vcu-georgemason,vcu,georgemason,0.612629,0,1/5/2020,0.61
110,stbonaventure-georgewashington,stbonaventure,georgewashington,0.568711,0,1/5/2020,0.57
111,purdue-illinois,illinois,illinois,0.826864,1,1/5/2020,0.83
112,michigan-michiganst,michiganst,michigan,0.701983,0,1/5/2020,0.7
113,northwestern-minnesota,minnesota,northwestern,0.57761,0,1/5/2020,0.58
114,iona-monmouth,monmouth,monmouth,0.561345,1,1/5/2020,0.56
115,manhattan-niagara,manhattan,niagara,0.849012,0,1/5/2020,0.85
116,ipfw-northdakota,northdakota,ipfw,0.745275,0,1/5/2020,0.75
117,northernkentucky-oakland,northernkentucky,oakland,0.563217,0,1/5/2020,0.56
118,richmond-rhodeisland,richmond,rhodeisland,0.554271,0,1/5/2020,0.55
119,siena-rider,rider,siena,0.581164,0,1/5/2020,0.58
120,dayton-stjoes,stjoes,dayton,0.618783,0,1/5/2020,0.62
121,massachusetts-stlouis,massachusetts,massachusetts,0.670936,1,1/5/2020,0.67
122,marist-stpeters,stpeters,stpeters,0.598205,1,1/5/2020,0.6
123,denver-southdakota,denver,southdakota,0.848351,0,1/5/2020,0.85
124,usc-washington,washington,usc,0.780538,0,1/5/2020,0.78
125,illinoischicago-uwmilwaukee,illinoischicago,uwmilwaukee,0.875164,0,1/5/2020,0.88
126,stjohns-xavier,xavier,stjohns,0.541952,0,1/5/2020,0.54
127,louisianalafayette-appalachianst,louisianalafayette,louisianalafayette,0.657466,1,1/6/2020,0.66
128,georgiasouthern-arkansaslittlerock,arkansaslittlerock,arkansaslittlerock,0.559368,1,1/6/2020,0.56
129,georgiast-arkansasst,arkansasst,arkansasst,0.908051,1,1/6/2020,0.91
130,louisianamonroe-coastalcarolina,coastalcarolina,coastalcarolina,0.701021,1,1/6/2020,0.7
131,westvirginia-oklahomast,westvirginia,oklahomast,0.636263,0,1/6/2020,0.64
132,southalabama-texasarlington,southalabama,southalabama,0.601059,1,1/6/2020,0.6
133,troy-texasst,troy,texasst,0.568553,0,1/6/2020,0.57
134,utahst-airforce,airforce,airforce,0.881075,1,1/7/2020,0.88
135,westernmichigan-akron,akron,westernmichigan,0.525715,0,1/7/2020,0.53
136,buffalo-ballst,ballst,buffalo,0.611229,0,1/7/2020,0.61
137,virginia-bostoncollege,bostoncollege,bostoncollege,0.760936,1,1/7/2020,0.76
138,miamioh-bowlinggreen,miamioh,miamioh,0.543777,1,1/7/2020,0.54
139,northernillinois-centralmichigan,northernillinois,centralmichigan,0.913607,0,1/7/2020,0.91
140,villanova-creighton,villanova,villanova,0.689947,1,1/7/2020,0.69
141,loyolachicago-drake,drake,drake,0.835362,1,1/7/2020,0.84
142,southflorida-eastcarolina,eastcarolina,eastcarolina,0.886577,1,1/7/2020,0.89
143,kentucky-georgia,kentucky,georgia,0.695276,0,1/7/2020,0.7
144,missourist-illinoisst,missourist,illinoisst,0.590341,0,1/7/2020,0.59
145,tcu-kansasst,tcu,tcu,0.6554,1,1/7/2020,0.66
146,toledo-kentst,kentst,kentst,0.789216,1,1/7/2020,0.79
147,miamifl-louisville,louisville,miamifl,0.715868,0,1/7/2020,0.72
148,providence-marquette,providence,marquette,0.833879,0,1/7/2020,0.83
149,ohiost-maryland,maryland,ohiost,0.577546,0,1/7/2020,0.58
150,tennessee-missouri,tennessee,tennessee,0.575862,1,1/7/2020,0.58
151,iowa-nebraska,nebraska,iowa,0.551692,0,1/7/2020,0.55
152,fresnost-newmexico,newmexico,newmexico,0.572375,1,1/7/2020,0.57
153,indianast-northerniowa,northerniowa,northerniowa,0.626299,1,1/7/2020,0.63
154,easternmichigan-ohio,ohio,ohio,0.859958,1,1/7/2020,0.86
155,rider-quinnipiac,quinnipiac,quinnipiac,0.881622,1,1/7/2020,0.88
156,pennst-rutgers,rutgers,rutgers,0.559363,1,1/7/2020,0.56
157,florida-southcarolina,florida,southcarolina,0.560768,0,1/7/2020,0.56
158,valparaiso-southernillinois,southernillinois,southernillinois,0.632672,1,1/7/2020,0.63
159,virginiatech-syracuse,virginiatech,syracuse,0.574471,0,1/7/2020,0.57
160,houston-temple,houston,houston,0.734596,1,1/7/2020,0.73
161,mississippi-texasam,texasam,texasam,0.739057,1,1/7/2020,0.74
162,baylor-texastech,baylor,baylor,0.576358,1,1/7/2020,0.58
163,mississippist-alabama,alabama,alabama,0.665883,1,1/8/2020,0.67
164,vanderbilt-auburn,vanderbilt,vanderbilt,0.652124,1,1/8/2020,0.65
165,unlv-boisest,boisest,boisest,0.665028,1,1/8/2020,0.67
166,ucsb-calpoly,ucsb,calpoly,0.686912,0,1/8/2020,0.69
167,lbsu-calstnorthridge,calstnorthridge,lbsu,0.557977,0,1/8/2020,0.56
168,furman-chattanooga,furman,chattanooga,0.537352,0,1/8/2020,0.54
169,tulsa-cincinnati,cincinnati,tulsa,0.807766,0,1/8/2020,0.81
170,tulane-connecticut,tulane,tulane,0.833713,1,1/8/2020,0.83
171,southdakotast-denver,southdakotast,southdakotast,0.81323,1,1/8/2020,0.81
172,bradley-evansville,bradley,evansville,0.794579,0,1/8/2020,0.79
173,marist-fairfiield,marist,marist,0.615159,1,1/8/2020,0.62
174,stbonaventure-georgemason,stbonaventure,georgemason,0.587945,0,1/8/2020,0.59
175,stjohns-georgetown,georgetown,georgetown,0.698083,1,1/8/2020,0.7
176,duke-georgiatech,georgiatech,duke,0.738133,0,1/8/2020,0.74
177,northwestern-indiana,northwestern,northwestern,0.70163,1,1/8/2020,0.7
178,kansas-iowast,kansas,iowast,0.737776,0,1/8/2020,0.74
179,arkansas-lsu,arkansas,lsu,0.537184,0,1/8/2020,0.54
180,pittsburgh-unc,pittsburgh,pittsburgh,0.540012,1,1/8/2020,0.54
181,notredame-ncst,ncst,ncst,0.645874,1,1/8/2020,0.65
182,nebraskaomaha-northdakota,nebraskaomaha,northdakota,0.571669,0,1/8/2020,0.57
183,davidson-rhodeisland,rhodeisland,davidson,0.562311,0,1/8/2020,0.56
184,duquesne-stjoes,duquesne,duquesne,0.638153,1,1/8/2020,0.64
185,georgewashington-stlouis,georgewashington,georgewashington,0.686315,1,1/8/2020,0.69
186,wofford-samford,samford,samford,0.575162,1,1/8/2020,0.58
187,nevada-sanjosest,sanjosest,nevada,0.556538,0,1/8/2020,0.56
188,ucf-someth,ucf,someth,0.83219,0,1/8/2020,0.83
189,oklahoma-texas,oklahoma,oklahoma,0.622012,1,1/8/2020,0.62
190,lasalle-massachusetts,massachusetts,massachusetts,0.621698,1,1/8/2020,0.62
191,etsu-ncgreensboro,etsu,ncgreensboro,0.554716,0,1/8/2020,0.55
192,westerncarolina-vmi,westerncarolina,vmi,0.512451,0,1/8/2020,0.51
193,floridast-wakeforest,floridast,wakeforest,0.793962,0,1/8/2020,0.79
194,ipfw-westernillinois,ipfw,ipfw,0.533479,1,1/8/2020,0.53
195,illinois-wisconsin,illinois,wisconsin,0.506405,0,1/8/2020,0.51
196,setonhall-xavier,setonhall,xavier,0.509133,0,1/8/2020,0.51
197,hawaii-calstfullerton,hawaii,calstfullerton,0.58743,0,1/9/2020,0.59
198,washingtonst-cal,cal,washingtonst,0.560917,0,1/9/2020,0.56
199,detroit-clevelandst,clevelandst,clevelandst,0.527049,1,1/9/2020,0.53
200,easternillinois-easternkentucky,easternkentucky,easternillinois,0.703293,0,1/9/2020,0.7
201,montana-easternwashington,montana,easternwashington,0.93805,0,1/9/2020,0.94
202,charleston-elon,elon,elon,0.708936,1,1/9/2020,0.71
203,louisianamonroe-georgiasouthern,georgiasouthern,louisianamonroe,0.630714,0,1/9/2020,0.63
204,louisianalafayette-georgiast,georgiast,louisianalafayette,0.627699,0,1/9/2020,0.63
205,montanast-idaho,idaho,idaho,0.714185,1,1/9/2020,0.71
206,southernutah-idahost,southernutah,idahost,0.825262,0,1/9/2020,0.83
207,murrayst-jacksonvillest,jacksonvillest,jacksonvillest,0.550309,1,1/9/2020,0.55
208,delaware-jamesmadison,delaware,delaware,0.620826,1,1/9/2020,0.62
209,purdue-michigan,michigan,michigan,0.92808,1,1/9/2020,0.93
210,minnesota-michiganst,michiganst,michiganst,0.646777,1,1/9/2020,0.65
211,marshall-mtsu,mtsu,mtsu,0.520046,1,1/9/2020,0.52
212,siuedwardsville-moreheadst,siuedwardsville,moreheadst,0.59455,0,1/9/2020,0.59
213,chicagost-nmsu,nmsu,nmsu,0.736737,1,1/9/2020,0.74
214,floridainternational-northtexas,northtexas,floridainternational,0.61369,0,1/9/2020,0.61
215,hofstra-northeastern,hofstra,northeastern,0.53076,0,1/9/2020,0.53
216,northdakotast-oralroberts,oralroberts,oralroberts,0.77002,1,1/9/2020,0.77
217,arizona-oregon,arizona,arizona,0.582854,1,1/9/2020,0.58
218,arizonast-oregonst,arizonast,oregonst,0.81746,0,1/9/2020,0.82
219,floridaatlantic-rice,floridaatlantic,rice,0.636859,0,1/9/2020,0.64
220,northernarizona-sacramentost,sacramentost,northernarizona,0.59727,0,1/9/2020,0.6
221,byu-stmarys,byu,stmarys,0.587562,0,1/9/2020,0.59
222,gonzaga-sandiego,gonzaga,gonzaga,0.756489,1,1/9/2020,0.76
223,santaclara-sanfrancisco,sanfrancisco,santaclara,0.570478,0,1/9/2020,0.57
224,stpeters-siena,stpeters,siena,0.70954,0,1/9/2020,0.71
225,arkansasst-southalabama,southalabama,southalabama,0.509669,1,1/9/2020,0.51
226,belmont-sems,belmont,belmont,0.613185,1,1/9/2020,0.61
227,washington-stanford,stanford,stanford,0.558547,1,1/9/2020,0.56
228,tennesseest-tennesseemartin,tennesseemartin,tennesseemartin,0.937822,1,1/9/2020,0.94
229,austinpeay-tennesseetech,austinpeay,austinpeay,0.790484,1,1/9/2020,0.79
230,appalachianst-texasarlington,texasarlington,texasarlington,0.685402,1,1/9/2020,0.69
231,coastalcarolina-texasst,texasst,texasst,0.582412,1,1/9/2020,0.58
232,drexel-towson,towson,towson,0.626719,1,1/9/2020,0.63
233,arkansaslittlerock-troy,troy,troy,0.544377,1,1/9/2020,0.54
234,westernkentucky-uab,uab,westernkentucky,0.706093,0,1/9/2020,0.71
235,ucriverside-ucdavis,ucriverside,ucdavis,0.719068,0,1/9/2020,0.72
236,somiss-utep,utep,somiss,0.533145,0,1/9/2020,0.53
237,louisianatech-utsa,utsa,louisianatech,0.564971,0,1/9/2020,0.56
238,northerncolorado-weberst,weberst,northerncolorado,0.546088,0,1/9/2020,0.55
239,memphis-wichitast,wichitast,wichitast,0.624996,1,1/9/2020,0.62
240,oakland-youngstownst,oakland,youngstownst,0.746213,0,1/9/2020,0.75
241,ballst-akron,akron,akron,0.78602,1,1/10/2020,0.79
242,manhattan-fairfiield,fairfiield,manhattan,0.587901,0,1/10/2020,0.59
243,maryland-iowa,iowa,iowa,0.851263,1,1/10/2020,0.85
244,wrightst-iupui,wrightst,wrightst,0.500501,1,1/10/2020,0.5
245,buffalo-miamioh,buffalo,miamioh,0.616992,0,1/10/2020,0.62
246,canisius-monmouth,monmouth,monmouth,0.654643,1,1/10/2020,0.65
247,pennsylvania-princeton,princeton,princeton,0.702572,1,1/10/2020,0.7
248,butler-providence,butler,butler,0.630964,1,1/10/2020,0.63
249,niagara-quinnipiac,quinnipiac,quinnipiac,0.741861,1,1/10/2020,0.74
250,iona-rider,iona,rider,0.603044,0,1/10/2020,0.6
251,northernkentucky-illinoischicago,northernkentucky,northernkentucky,0.504696,1,1/10/2020,0.5
252,southalabama-arkansaslittlerock,southalabama,southalabama,0.708782,1,1/11/2020,0.71
253,troy-arkansasst,arkansasst,arkansasst,0.792526,1,1/11/2020,0.79
254,georgia-auburn,auburn,auburn,0.519035,1,1/11/2020,0.52
255,georgiatech-bostoncollege,georgiatech,bostoncollege,0.700628,0,1/11/2020,0.7
256,southernillinois-bradley,bradley,bradley,0.622455,1,1/11/2020,0.62
257,portland-byu,byu,byu,0.612643,1,1/11/2020,0.61
258,calstnorthridge-calpoly,calpoly,calpoly,0.566024,1,1/11/2020,0.57
259,washington-cal,cal,washington,0.517522,0,1/11/2020,0.52
260,cincinnati-ucf,cincinnati,ucf,0.801611,0,1/11/2020,0.8
261,olddominion-charlotte,charlotte,charlotte,0.869028,1,1/11/2020,0.87
262,samford-chattanooga,chattanooga,chattanooga,0.575748,1,1/11/2020,0.58
263,oakland-clevelandst,oakland,clevelandst,0.627055,0,1/11/2020,0.63
264,stjoes-davidson,stjoes,davidson,0.592994,0,1/11/2020,0.59
265,massachusetts-dayton,dayton,dayton,0.727542,1,1/11/2020,0.73
266,wakeforest-duke,duke,duke,0.543351,1,1/11/2020,0.54
267,someth-eastcarolina,eastcarolina,someth,0.605557,0,1/11/2020,0.61
268,vmi-etsu,vmi,vmi,0.794601,1,1/11/2020,0.79
269,siuedwardsville-easternkentucky,easternkentucky,siuedwardsville,0.599736,0,1/11/2020,0.6
270,ncgreensboro-furman,ncgreensboro,furman,0.727339,0,1/11/2020,0.73
271,duquesne-georgewashington,georgewashington,georgewashington,0.601028,1,1/11/2020,0.6
272,louisianalafayette-georgiasouthern,georgiasouthern,louisianalafayette,0.657993,0,1/11/2020,0.66
273,louisianamonroe-georgiast,georgiast,georgiast,0.580115,1,1/11/2020,0.58
274,rutgers-illinois,rutgers,illinois,0.578419,0,1/11/2020,0.58
275,ohiost-indiana,indiana,indiana,0.540372,1,1/11/2020,0.54
276,illinoisst-indianast,indianast,indianast,0.809361,1,1/11/2020,0.81
277,oklahoma-iowast,iowast,iowast,0.63203,1,1/11/2020,0.63
278,southdakotast-ipfw,southdakotast,ipfw,0.770234,0,1/11/2020,0.77
279,austinpeay-jacksonvillest,austinpeay,austinpeay,0.590906,1,1/11/2020,0.59
280,drexel-jamesmadison,drexel,jamesmadison,0.624817,0,1/11/2020,0.62
281,baylor-kansas,baylor,kansas,0.604995,0,1/11/2020,0.6
282,centralmichigan-kentst,centralmichigan,centralmichigan,0.549139,1,1/11/2020,0.55
283,alabama-kentucky,alabama,alabama,0.538541,1,1/11/2020,0.54
284,georgemason-lasalle,georgemason,lasalle,0.521845,0,1/11/2020,0.52
285,evansville-loyolachicago,loyolachicago,evansville,0.703711,0,1/11/2020,0.7
286,gonzaga-loyolamarymount,gonzaga,loyolamarymount,0.597747,0,1/11/2020,0.6
287,mississippist-lsu,mississippist,mississippist,0.528719,1,1/11/2020,0.53
288,westernkentucky-mtsu,westernkentucky,westernkentucky,0.534157,1,1/11/2020,0.53
289,arkansas-mississippi,arkansas,mississippi,0.664359,0,1/11/2020,0.66
290,florida-missouri,missouri,missouri,0.50209,1,1/11/2020,0.5
291,northerniowa-missourist,northerniowa,northerniowa,0.603156,1,1/11/2020,0.6
292,portlandst-montanast,portlandst,portlandst,0.578836,1,1/11/2020,0.58
293,easternillinois-moreheadst,moreheadst,easternillinois,0.664014,0,1/11/2020,0.66
294,airforce-newmexico,airforce,newmexico,0.502714,0,1/11/2020,0.5
295,umkc-nmsu,umkc,nmsu,0.662808,0,1/11/2020,0.66
296,clemson-unc,clemson,unc,0.586364,0,1/11/2020,0.59
297,floridaatlantic-northtexas,northtexas,floridaatlantic,0.562981,0,1/11/2020,0.56
298,idahost-northernarizona,idahost,northernarizona,0.646012,0,1/11/2020,0.65
299,easternmichigan-northernillinois,easternmichigan,northernillinois,0.718373,0,1/11/2020,0.72
300,nebraska-northwestern,northwestern,northwestern,0.53286,1,1/11/2020,0.53
301,louisville-notredame,notredame,notredame,0.759162,1,1/11/2020,0.76
302,bowlinggreen-ohio,bowlinggreen,ohio,0.725439,0,1/11/2020,0.73
303,northdakota-oralroberts,oralroberts,oralroberts,0.805369,1,1/11/2020,0.81
304,arizonast-oregon,arizonast,oregon,0.824347,0,1/11/2020,0.82
305,sanfrancisco-pacific,sanfrancisco,pacific,0.668704,0,1/11/2020,0.67
306,wisconsin-pennst,wisconsin,pennst,0.668732,0,1/11/2020,0.67
307,floridainternational-rice,rice,rice,0.591102,1,1/11/2020,0.59
308,stlouis-richmond,stlouis,richmond,0.788902,0,1/11/2020,0.79
309,weberst-sacramentost,sacramentost,sacramentost,0.564057,1,1/11/2020,0.56
310,santaclara-stmarys,santaclara,santaclara,0.608638,1,1/11/2020,0.61
311,pepperdine-sandiego,pepperdine,pepperdine,0.642076,1,1/11/2020,0.64
312,coloradost-sanjosest,coloradost,sanjosest,0.640291,0,1/11/2020,0.64
313,utahvalleyst-seattle,seattle,seattle,0.500985,1,1/11/2020,0.5
314,marquette-setonhall,setonhall,marquette,0.515215,0,1/11/2020,0.52
315,nebraskaomaha-southdakota,southdakota,southdakota,0.664447,1,1/11/2020,0.66
316,tennesseest-sems,tennesseest,tennesseest,0.572255,1,1/11/2020,0.57
317,fordham-stbonaventure,stbonaventure,stbonaventure,0.740463,1,1/11/2020,0.74
318,depaul-stjohns,stjohns,stjohns,0.594368,1,1/11/2020,0.59
319,washingtonst-stanford,stanford,washingtonst,0.595659,0,1/11/2020,0.6
320,oklahomast-tcu,tcu,tcu,0.861065,1,1/11/2020,0.86
321,tulane-temple,tulane,tulane,0.860742,1,1/11/2020,0.86
322,southcarolina-tennessee,southcarolina,tennessee,0.592898,0,1/11/2020,0.59
323,belmont-tennesseemartin,tennesseemartin,tennesseemartin,0.876692,1,1/11/2020,0.88
324,murrayst-tennesseetech,murrayst,murrayst,0.656928,1,1/11/2020,0.66
325,kansasst-texas,texas,texas,0.538825,1,1/11/2020,0.54
326,coastalcarolina-texasarlington,coastalcarolina,texasarlington,0.594376,0,1/11/2020,0.59
327,appalachianst-texasst,texasst,texasst,0.760165,1,1/11/2020,0.76
328,westernmichigan-toledo,westernmichigan,westernmichigan,0.63423,1,1/11/2020,0.63
329,delaware-towson,towson,delaware,0.604096,0,1/11/2020,0.6
330,houston-tulsa,tulsa,tulsa,0.540955,1,1/11/2020,0.54
331,lbsu-ucsb,lbsu,lbsu,0.641099,1,1/11/2020,0.64
332,hawaii-ucirvine,ucirvine,hawaii,0.548278,0,1/11/2020,0.55
333,calstfullerton-ucriverside,ucriverside,ucriverside,0.565362,1,1/11/2020,0.57
334,usc-ucla,usc,usc,0.633464,1,1/11/2020,0.63
335,nevada-utahst,utahst,nevada,0.61603,0,1/11/2020,0.62
336,louisianatech-utep,louisianatech,louisianatech,0.8172,1,1/11/2020,0.82
337,somiss-utsa,utsa,utsa,0.778385,1,1/11/2020,0.78
338,drake-valparaiso,valparaiso,drake,0.530941,0,1/11/2020,0.53
339,texasam-vanderbilt,texasam,vanderbilt,0.795034,0,1/11/2020,0.8
340,rhodeisland-vcu,rhodeisland,vcu,0.772332,0,1/11/2020,0.77
341,georgetown-villanova,villanova,villanova,0.628529,1,1/11/2020,0.63
342,syracuse-virginia,syracuse,syracuse,0.931386,1,1/11/2020,0.93
343,ncst-virginiatech,virginiatech,virginiatech,0.585585,1,1/11/2020,0.59
344,texastech-westvirginia,westvirginia,texastech,0.771671,0,1/11/2020,0.77
345,mercer-westerncarolina,westerncarolina,westerncarolina,0.935975,1,1/11/2020,0.94
346,denver-westernillinois,westernillinois,westernillinois,0.909596,1,1/11/2020,0.91
347,citadel-wofford,citadel,citadel,0.618216,1,1/11/2020,0.62
348,unlv-wyoming,unlv,wyoming,0.54876,0,1/11/2020,0.55
349,creighton-xavier,creighton,creighton,0.584353,1,1/11/2020,0.58
350,detroit-youngstownst,detroit,youngstownst,0.691978,0,1/11/2020,0.69
